{"day":["02-06","02-07","02-10","02-11","02-12","02-13"],"loss":[-627.7199999999999,-1007.51,-300.71,-420.46000000000004,0,-275],"prof":[705.57,996.3200000000002,593.98,549.9399999999999,476.32000000000005,1537]}