{"day":["02-06","02-07","02-10","02-11","02-12","02-13","02-14","02-17","02-18","02-19","02-20"],"loss":[-627.7199999999999,-1007.51,-300.71,-420.46000000000004,0,-713.3,0,-1487.7399999999998,-2212.0299999999997,-587.51,-720],"prof":[705.57,996.3200000000002,593.98,549.9399999999999,476.32000000000005,1745.1,640.04,-1487.7399999999998,513.2300000000005,1112.57,1018]}