{"day":["02-06","02-07","02-10","02-11","02-12","02-13","02-14","02-17","02-18","02-19","02-20","02-21","02-24","02-25","02-26"],"loss":[-627.7199999999999,-600.03,-300.69,-195.46,0,-275.88,0,-1487.7399999999998,-1649.4099999999999,0,-17.480000000000018,-274.4799999999999,-1517.8199999999997,-2136.55,0],"prof":[705.57,996.3200000000002,593.98,549.9399999999999,476.32000000000005,1745.1,640.04,-1487.7399999999998,513.2300000000005,1112.57,1018.1800000000001,511.73000000000013,-992.6499999999996,-36.51000000000022,400]}